"Locus","Population","Allele"
"CCMIC6a","COL","105"
"CCMIC6a","COL","107"
"CCMIC6a","COL","108"
"CCMIC6a","AFRI","116"
"CCMIC6a","AFRI","70"
"CCMIC6a","MEX","71"
"CCMIC6a","AFRI","72"
"CCMIC6a","AFRI","80"
"CCMIC6a","GUAT","83"
"CCMIC14a","CAME","106"
"CCMIC14a","MED","182"
"CCMIC14a","AFRI","64"
"CCMIC14a","AFRI","68"
"CCMIC14a","AFRI","70"
"CCMIC14a","GUAT","71"
"CCMIC14a","MEX","75"
"CCMIC14a","MEX","81"
"CCMIC14a","AFRI","84"
"CCMIC14a","AFRI","86"
"CCMIC14a","AFRI","88"
"CCMIC14a","COL","91"
"CCMIC14a","COL","93"
"CCMIC14a","COL","94"
"CCMIC14a","CAME","98"
"CCMIC15a","AFRI","108"
"CCMIC15a","COL","112"
"CCMIC15a","COL","113"
"CCMIC15a","COL","115"
"CCMIC15a","COL","116"
"CCMIC15a","COL","117"
"CCMIC15a","COL","118"
"CCMIC15a","COL","120"
"CCMIC15a","AFRI","126"
"CCMIC15a","CAME","138"
"CCMIC15a","GUAT","81"
"CCMIC15a","AFRI","86"
"CCMIC15a","GUAT","93"
"CCMIC15a","AFRI","96"
